{"assets/MyFlutterApp.ttf":["assets/MyFlutterApp.ttf"],"assets/MyFlutterApp2.ttf":["assets/MyFlutterApp2.ttf"],"assets/fonts/Product-Sans-Bold-Italic.ttf":["assets/fonts/Product-Sans-Bold-Italic.ttf"],"assets/fonts/Product-Sans-Bold.ttf":["assets/fonts/Product-Sans-Bold.ttf"],"assets/fonts/Product-Sans-Italic.ttf":["assets/fonts/Product-Sans-Italic.ttf"],"assets/fonts/Product-Sans-Regular.ttf":["assets/fonts/Product-Sans-Regular.ttf"],"assets/fonts/kufi.ttf":["assets/fonts/kufi.ttf"],"assets/images/LOGO3.png":["assets/images/LOGO3.png"],"assets/images/baesline_access_time_black_24.png":["assets/images/baesline_access_time_black_24.png"],"assets/images/baseline_check_green_24.png":["assets/images/baseline_check_green_24.png"],"assets/images/baseline_empty_item_grey_24.png":["assets/images/baseline_empty_item_grey_24.png"],"assets/images/baseline_favourite_grey_24.png":["assets/images/baseline_favourite_grey_24.png"],"assets/images/baseline_graph_black_24.png":["assets/images/baseline_graph_black_24.png"],"assets/images/baseline_pin_black_24.png":["assets/images/baseline_pin_black_24.png"],"assets/images/baseline_price_down_black_24.png":["assets/images/baseline_price_down_black_24.png"],"assets/images/baseline_price_up_black_24.png":["assets/images/baseline_price_up_black_24.png"],"assets/images/baseline_promotion_color_74.png":["assets/images/baseline_promotion_color_74.png"],"assets/images/default_image.png":["assets/images/default_image.png"],"assets/images/down.png":["assets/images/down.png"],"assets/images/flutter_buy_and_sell_logo.png":["assets/images/flutter_buy_and_sell_logo.png"],"assets/images/flutter_buy_and_sell_logo_light.png":["assets/images/flutter_buy_and_sell_logo_light.png"],"assets/images/home_icon/add_ads.png":["assets/images/home_icon/add_ads.png"],"assets/images/home_icon/discount_products.png":["assets/images/home_icon/discount_products.png"],"assets/images/home_icon/easy_payment.png":["assets/images/home_icon/easy_payment.png"],"assets/images/home_icon/featured_products.png":["assets/images/home_icon/featured_products.png"],"assets/images/home_icon/free_download.png":["assets/images/home_icon/free_download.png"],"assets/images/intro/ME.png":["assets/images/intro/ME.png"],"assets/images/logo2.png":["assets/images/logo2.png"],"assets/images/placeholder_circle_image.png":["assets/images/placeholder_circle_image.png"],"assets/images/placeholder_image.png":["assets/images/placeholder_image.png"],"assets/images/trending.png":["assets/images/trending.png"],"assets/images/user_default_photo.png":["assets/images/user_default_photo.png"],"assets/images/verify_email_icon.jpg":["assets/images/verify_email_icon.jpg"],"assets/langs/ar-DZ.json":["assets/langs/ar-DZ.json"],"packages/easy_localization/i18n/ar-DZ.json":["packages/easy_localization/i18n/ar-DZ.json"],"packages/easy_localization/i18n/ar.json":["packages/easy_localization/i18n/ar.json"],"packages/easy_localization/i18n/en-US.json":["packages/easy_localization/i18n/en-US.json"],"packages/easy_localization/i18n/en.json":["packages/easy_localization/i18n/en.json"],"packages/flutter_icons/fonts/AntDesign.ttf":["packages/flutter_icons/fonts/AntDesign.ttf"],"packages/flutter_icons/fonts/Entypo.ttf":["packages/flutter_icons/fonts/Entypo.ttf"],"packages/flutter_icons/fonts/EvilIcons.ttf":["packages/flutter_icons/fonts/EvilIcons.ttf"],"packages/flutter_icons/fonts/Feather.ttf":["packages/flutter_icons/fonts/Feather.ttf"],"packages/flutter_icons/fonts/FontAwesome.ttf":["packages/flutter_icons/fonts/FontAwesome.ttf"],"packages/flutter_icons/fonts/FontAwesome5_Brands.ttf":["packages/flutter_icons/fonts/FontAwesome5_Brands.ttf"],"packages/flutter_icons/fonts/FontAwesome5_Regular.ttf":["packages/flutter_icons/fonts/FontAwesome5_Regular.ttf"],"packages/flutter_icons/fonts/FontAwesome5_Solid.ttf":["packages/flutter_icons/fonts/FontAwesome5_Solid.ttf"],"packages/flutter_icons/fonts/Foundation.ttf":["packages/flutter_icons/fonts/Foundation.ttf"],"packages/flutter_icons/fonts/Ionicons.ttf":["packages/flutter_icons/fonts/Ionicons.ttf"],"packages/flutter_icons/fonts/MaterialCommunityIcons.ttf":["packages/flutter_icons/fonts/MaterialCommunityIcons.ttf"],"packages/flutter_icons/fonts/MaterialIcons.ttf":["packages/flutter_icons/fonts/MaterialIcons.ttf"],"packages/flutter_icons/fonts/Octicons.ttf":["packages/flutter_icons/fonts/Octicons.ttf"],"packages/flutter_icons/fonts/SimpleLineIcons.ttf":["packages/flutter_icons/fonts/SimpleLineIcons.ttf"],"packages/flutter_icons/fonts/Zocial.ttf":["packages/flutter_icons/fonts/Zocial.ttf"],"packages/flutter_icons/fonts/weathericons.ttf":["packages/flutter_icons/fonts/weathericons.ttf"],"packages/progress_dialog/assets/double_ring_loading_io.gif":["packages/progress_dialog/assets/double_ring_loading_io.gif"]}